case_id,年龄,年龄段,身份定位,评估结论,监护状况,教养方式,认知类型,同伴关系,社区环境,在校表现,法治教育覆盖,内容接触,线上交往行为,财务行为,家庭沟通分,家庭冲突分,冲动易冲动程度,攻击暴力倾向,自我认同问题程度,受不良同伴影响强度,受社区影响强度,逃学旷课频次,法治教育学习效果,上网时间问题程度,深夜上网问题程度,接触有害内容频次,时间管理问题程度,理财观念行为问题程度,情感支持,情绪调节困难程度
NaN,Q001,12,12-14岁,普通学生（表现稳定),总体表现稳定，常规随访即可,长期疾病,传统型教养,价值观模糊；受同伴影响；偶有极端/模糊倾向,偶有接触,社区犯罪频发；社区资源贫乏；社区治安较差,长期旷课；偶尔缺课,深度参与/法治活动活跃,接触诈骗信息；接触色情内容；主要接触正面/学习资源,参与/发起网络欺凌,理财能力良好；偶尔冲动消费；严重财务问题,1,0,2,2,0,1,1,2,1,2,0,1,2,1,0
NaN,Q002,13,12-14岁,普通学生（表现稳定),总体表现稳定，常规随访即可,监护薄弱,溺爱型教养；传统型教养,无极端倾向；偶有极端/模糊倾向；受同伴影响,受同伴影响；无不良同伴,社区犯罪频发；社区一般；高风险社区,偶尔缺课；辍学,深度参与/法治活动活跃,接触诈骗信息；接触暴力/血腥内容；接触色情内容,被网络欺凌/受害,存在欠债；被诈骗；理财能力良好,1,1,2,0,0,2,1,1,1,1,1,0,0,2,0
NaN,Q003,14,12-14岁,普通学生（表现稳定),总体表现稳定，常规随访即可,监护薄弱；事实无人抚养,忽视型教养；传统型教养,偶有极端/模糊倾向,无不良同伴；偶有接触,社区一般,辍学；偶尔缺课；长期旷课,深度参与/法治活动活跃；偶尔宣传；按课表开展,主要接触正面/学习资源,被网络欺凌/受害；接触不良社交圈,理财能力良好；存在欠债,1,2,1,1,0,0,2,1,2,1,2,0,2,0,1
NaN,Q004,13,12-14岁,重点关注对象,风险与保护因素并存，建议制定个性化干预方案,事实无人抚养,传统型教养,无极端倾向；受同伴影响；偶有极端/模糊倾向,加入不良群体；偶有接触,社区治安较差,探索个性化学习；辍学；偶尔缺课,深度参与/法治活动活跃；偶尔宣传,接触诈骗信息；接触色情内容,被网络欺凌/受害；接触不良社交圈；参与/发起网络欺凌,理财能力良好,4,3,2,2,4,4,2,2,2,2,4,3,4,2,4
NaN,Q005,12,12-14岁,普通学生（表现稳定),总体表现稳定，常规随访即可,流动监护,权威型教养；暴力型教养,价值观模糊,受同伴影响；偶有接触,社区资源丰富且治安好；社区犯罪频发,经常逃学；偶尔逃学/逃学,深度参与/法治活动活跃；按课表开展,接触诈骗信息；主要接触正面/学习资源；接触黑灰产信息,线上交往健康,被诈骗；理财能力良好；严重财务问题,0,1,1,0,1,0,0,1,1,1,0,1,1,1,1
NaN,Q006,14,12-14岁,重点关注对象,风险与保护因素并存，建议制定个性化干预方案,长期疾病；父母常年不在,暴力型教养,价值观模糊,加入不良群体；受同伴影响,社区资源丰富且治安好；社区一般,偶尔缺课；经常逃学,深度参与/法治活动活跃；无法治教育；偶尔宣传,接触诈骗信息；主要接触正面/学习资源；接触色情内容,线上交往健康；接触不良社交圈；参与/发起网络欺凌,理财能力良好；存在欠债；被诈骗,3,4,3,4,3,4,3,3,4,2,4,2,3,2,4
NaN,Q007,14,12-14岁,普通学生（表现稳定),总体表现稳定，常规随访即可,父母常年不在,权威型教养；传统型教养,价值观模糊；受同伴影响；无极端倾向,结交不良同伴,社区资源丰富且治安好；社区犯罪频发,长期旷课；偶尔逃学/逃学；探索个性化学习,无法治教育,接触黑灰产信息；接触诈骗信息,线上交往健康；被网络欺凌/受害；接触不良社交圈,存在欠债,1,2,2,1,1,1,1,1,0,0,2,1,0,1,1
NaN,Q008,14,12-14岁,普通学生（略需关注),存在一定风险因素，建议学校与家长加强日常关注,监护人积极参与(保护),传统型教养；权威型教养,受同伴影响,加入不良群体；无不良同伴；结交不良同伴,社区资源丰富且治安好；社区治安较差,偶尔逃学/逃学；辍学；长期旷课,无法治教育；偶尔宣传；按课表开展,接触诈骗信息；接触黑灰产信息,接触不良社交圈,偶尔冲动消费；存在欠债,3,3,3,2,3,1,2,3,3,3,3,3,1,1,1
NaN,Q009,13,12-14岁,普通学生（表现稳定),总体表现稳定，常规随访即可,留守,权威型教养；溺爱型教养,偶有极端/模糊倾向；受同伴影响；无极端倾向,受同伴影响；无不良同伴；结交不良同伴,社区资源丰富且治安好；社区治安较差,探索个性化学习,无法治教育；按课表开展；深度参与/法治活动活跃,接触暴力/血腥内容；主要接触正面/学习资源；接触诈骗信息,线上交往健康；被网络欺凌/受害；接触不良社交圈,被诈骗；偶尔冲动消费,0,2,0,1,2,1,2,0,0,1,1,2,0,2,1
NaN,Q010,13,12-14岁,普通学生（表现稳定),总体表现稳定，常规随访即可,单亲；长期疾病,溺爱型教养；传统型教养；权威型教养,受同伴影响,加入不良群体；偶有接触；无不良同伴,高风险社区；社区犯罪频发；社区资源贫乏,偶尔缺课；长期旷课；探索个性化学习,深度参与/法治活动活跃；无法治教育,接触色情内容,被网络欺凌/受害；接触不良社交圈,偶尔冲动消费；存在欠债,1,2,0,1,2,0,0,0,2,1,0,0,0,2,2
NaN,Q011,14,12-14岁,普通学生（表现稳定),总体表现稳定，常规随访即可,监护人积极参与(保护)；监护薄弱；长期疾病,传统型教养,敌意价值观；价值观模糊,受同伴影响,社区犯罪频发；高风险社区,偶尔逃学/逃学；探索个性化学习,无法治教育；按课表开展；深度参与/法治活动活跃,接触黑灰产信息；主要接触正面/学习资源；接触暴力/血腥内容,线上交往健康；被网络欺凌/受害,理财能力良好,1,1,2,1,2,2,1,2,1,2,2,1,2,0,0
NaN,Q012,13,12-14岁,高风险需干预,已出现高风险行为，建议启动多部门联合干预,监护人积极参与(保护)；长期疾病,权威型教养,受同伴影响,无不良同伴；结交不良同伴,社区犯罪频发,探索个性化学习,深度参与/法治活动活跃；按课表开展；无法治教育,接触黑灰产信息；主要接触正面/学习资源；接触色情内容,参与/发起网络欺凌；线上交往健康；接触不良社交圈,偶尔冲动消费；存在欠债,4,4,5,5,5,5,4,4,4,5,4,4,5,4,5
NaN,Q013,12,12-14岁,普通学生（略需关注),存在一定风险因素，建议学校与家长加强日常关注,父母常年不在,传统型教养,价值观模糊；偶有极端/模糊倾向；受同伴影响,结交不良同伴,社区犯罪频发；社区一般,探索个性化学习,无法治教育；偶尔宣传；按课表开展,接触色情内容；接触黑灰产信息,被网络欺凌/受害；线上交往健康,被诈骗；严重财务问题,2,2,2,1,3,3,1,3,2,2,3,3,3,2,1
NaN,Q014,13,12-14岁,普通学生（表现稳定),总体表现稳定，常规随访即可,留守,忽视型教养,无极端倾向；偶有极端/模糊倾向,结交不良同伴；无不良同伴,高风险社区,长期旷课,深度参与/法治活动活跃；按课表开展；无法治教育,接触暴力/血腥内容,被网络欺凌/受害；线上交往健康；接触不良社交圈,严重财务问题；被诈骗；偶尔冲动消费,1,0,2,0,1,0,1,0,1,0,1,2,2,2,0
NaN,Q015,14,12-14岁,普通学生（表现稳定),总体表现稳定，常规随访即可,父母常年不在；父母失业；父母失联,权威型教养；暴力型教养；溺爱型教养,价值观模糊；敌意价值观,无不良同伴,社区治安较差；社区犯罪频发；社区资源丰富且治安好,探索个性化学习；长期旷课；偶尔逃学/逃学,深度参与/法治活动活跃；偶尔宣传；无法治教育,主要接触正面/学习资源；接触黑灰产信息,参与/发起网络欺凌；线上交往健康；接触不良社交圈,被诈骗；存在欠债,1,1,0,0,1,2,2,0,1,1,1,0,1,2,0
NaN,Q016,13,12-14岁,普通学生（表现稳定),总体表现稳定，常规随访即可,长期疾病；父母失联；留守,暴力型教养；忽视型教养,偶有极端/模糊倾向,偶有接触；加入不良群体；受同伴影响,社区犯罪频发；社区资源丰富且治安好,长期旷课；辍学；偶尔逃学/逃学,无法治教育；按课表开展,接触色情内容；接触黑灰产信息；接触暴力/血腥内容,线上交往健康,严重财务问题,2,2,1,0,2,0,2,1,1,2,0,0,0,2,1
NaN,Q017,12,12-14岁,普通学生（表现稳定),总体表现稳定，常规随访即可,父母失业,暴力型教养,偶有极端/模糊倾向,偶有接触,社区治安较差；高风险社区,偶尔逃学/逃学,无法治教育；深度参与/法治活动活跃；按课表开展,主要接触正面/学习资源；接触色情内容,被网络欺凌/受害；线上交往健康；参与/发起网络欺凌,被诈骗,2,0,1,2,0,2,0,0,1,2,0,1,1,0,1
NaN,Q018,12,12-14岁,普通学生（略需关注),存在一定风险因素，建议学校与家长加强日常关注,事实无人抚养,传统型教养；溺爱型教养；权威型教养,无极端倾向,无不良同伴,社区犯罪频发；社区资源丰富且治安好,辍学；经常逃学；偶尔缺课,偶尔宣传,接触诈骗信息,参与/发起网络欺凌；接触不良社交圈,理财能力良好；被诈骗；存在欠债,2,3,3,1,3,3,3,1,1,2,2,1,2,1,2
NaN,Q019,13,12-14岁,普通学生（略需关注),存在一定风险因素，建议学校与家长加强日常关注,父母失业,传统型教养,敌意价值观,无不良同伴；加入不良群体,社区一般；社区资源丰富且治安好；社区犯罪频发,偶尔缺课；偶尔逃学/逃学,深度参与/法治活动活跃；无法治教育,接触色情内容；接触黑灰产信息；接触暴力/血腥内容,线上交往健康；接触不良社交圈；被网络欺凌/受害,理财能力良好,2,2,2,2,1,1,1,1,3,2,1,2,1,1,1
NaN,Q020,13,12-14岁,普通学生（表现稳定),总体表现稳定，常规随访即可,父母失业；事实无人抚养；留守,溺爱型教养,价值观模糊,受同伴影响；偶有接触；加入不良群体,社区资源丰富且治安好,长期旷课,无法治教育；深度参与/法治活动活跃,接触黑灰产信息,线上交往健康；接触不良社交圈,理财能力良好,1,2,0,1,0,0,1,0,0,1,1,0,2,2,1
NaN,Q021,14,12-14岁,普通学生（表现稳定),总体表现稳定，常规随访即可,留守；父母常年不在,溺爱型教养；忽视型教养；暴力型教养,偶有极端/模糊倾向,受同伴影响；加入不良群体,高风险社区；社区一般；社区资源贫乏,探索个性化学习；长期旷课,深度参与/法治活动活跃；偶尔宣传；无法治教育,接触色情内容；接触黑灰产信息；接触诈骗信息,接触不良社交圈,严重财务问题,0,2,0,0,1,2,1,0,0,0,2,0,1,0,1
NaN,Q022,14,12-14岁,普通学生（表现稳定),总体表现稳定，常规随访即可,父母失联,暴力型教养；忽视型教养；溺爱型教养,无极端倾向；敌意价值观,受同伴影响,社区犯罪频发；社区治安较差,长期旷课；辍学；偶尔缺课,深度参与/法治活动活跃；偶尔宣传；按课表开展,接触诈骗信息；接触色情内容；主要接触正面/学习资源,被网络欺凌/受害；参与/发起网络欺凌；接触不良社交圈,存在欠债,2,2,2,1,0,0,1,0,2,0,1,0,0,1,2
NaN,Q023,14,12-14岁,普通学生（表现稳定),总体表现稳定，常规随访即可,流动监护,传统型教养,偶有极端/模糊倾向；价值观模糊,偶有接触,社区犯罪频发,探索个性化学习；经常逃学,按课表开展,接触黑灰产信息；接触色情内容；主要接触正面/学习资源,参与/发起网络欺凌；线上交往健康；接触不良社交圈,存在欠债；被诈骗；严重财务问题,2,0,1,2,0,0,2,0,2,2,2,1,1,0,0
NaN,Q024,14,12-14岁,普通学生（表现稳定),总体表现稳定，常规随访即可,单亲；父母失业,忽视型教养；传统型教养；溺爱型教养,无极端倾向,结交不良同伴；无不良同伴,社区资源丰富且治安好,长期旷课；辍学,按课表开展；深度参与/法治活动活跃；偶尔宣传,接触色情内容,被网络欺凌/受害,理财能力良好；被诈骗,2,1,2,2,0,2,0,2,0,1,2,1,0,1,1
NaN,Q025,14,12-14岁,普通学生（表现稳定),总体表现稳定，常规随访即可,监护人积极参与(保护),溺爱型教养；权威型教养,敌意价值观；价值观模糊；无极端倾向,偶有接触；无不良同伴；结交不良同伴,高风险社区；社区犯罪频发；社区资源丰富且治安好,辍学,深度参与/法治活动活跃；按课表开展；无法治教育,接触色情内容；主要接触正面/学习资源,参与/发起网络欺凌,存在欠债；被诈骗；偶尔冲动消费,2,2,2,0,2,1,1,1,0,1,0,0,1,1,0
NaN,Q026,13,12-14岁,普通学生（表现稳定),总体表现稳定，常规随访即可,流动监护；父母失联,传统型教养,受同伴影响,加入不良群体；结交不良同伴,社区一般；高风险社区,经常逃学,无法治教育；偶尔宣传,主要接触正面/学习资源；接触黑灰产信息,被网络欺凌/受害；接触不良社交圈；参与/发起网络欺凌,被诈骗；存在欠债,0,0,0,0,1,1,0,1,0,0,2,2,2,2,2
NaN,Q027,12,12-14岁,普通学生（表现稳定),总体表现稳定，常规随访即可,父母常年不在；父母失联,权威型教养,价值观模糊；受同伴影响；偶有极端/模糊倾向,偶有接触；无不良同伴,社区资源贫乏；社区犯罪频发,偶尔逃学/逃学；辍学；长期旷课,深度参与/法治活动活跃,接触诈骗信息；接触色情内容；主要接触正面/学习资源,线上交往健康,理财能力良好；严重财务问题,0,2,0,0,2,2,1,1,0,0,2,1,0,0,2
NaN,Q028,13,12-14岁,普通学生（表现稳定),总体表现稳定，常规随访即可,事实无人抚养；父母常年不在；监护人积极参与(保护),权威型教养,敌意价值观；无极端倾向；价值观模糊,无不良同伴,社区资源贫乏；社区一般；社区犯罪频发,偶尔逃学/逃学；长期旷课,按课表开展；偶尔宣传,接触黑灰产信息,被网络欺凌/受害；线上交往健康；接触不良社交圈,严重财务问题,2,0,0,0,1,1,0,1,1,2,0,1,2,1,2
NaN,Q029,14,12-14岁,普通学生（表现稳定),总体表现稳定，常规随访即可,事实无人抚养；留守；单亲,忽视型教养；溺爱型教养,价值观模糊,偶有接触；受同伴影响,社区资源丰富且治安好；社区治安较差；社区犯罪频发,偶尔缺课；探索个性化学习；长期旷课,深度参与/法治活动活跃；偶尔宣传,接触黑灰产信息,被网络欺凌/受害,被诈骗；严重财务问题；偶尔冲动消费,1,0,2,2,0,2,0,1,1,0,2,0,1,1,1
NaN,Q030,12,12-14岁,普通学生（表现稳定),总体表现稳定，常规随访即可,流动监护；事实无人抚养；父母常年不在,溺爱型教养；忽视型教养；传统型教养,偶有极端/模糊倾向；受同伴影响；无极端倾向,结交不良同伴；偶有接触；受同伴影响,社区犯罪频发；高风险社区；社区资源丰富且治安好,偶尔逃学/逃学,按课表开展；深度参与/法治活动活跃；偶尔宣传,接触暴力/血腥内容,接触不良社交圈,理财能力良好；严重财务问题,1,0,1,2,2,2,1,0,0,1,2,1,2,2,2
NaN,Q031,12,12-14岁,普通学生（表现稳定),总体表现稳定，常规随访即可,流动监护；父母常年不在,溺爱型教养；传统型教养；暴力型教养,敌意价值观；受同伴影响；无极端倾向,结交不良同伴；无不良同伴,社区资源贫乏；高风险社区；社区一般,长期旷课；辍学；经常逃学,偶尔宣传；按课表开展,接触暴力/血腥内容；接触黑灰产信息；接触色情内容,被网络欺凌/受害,被诈骗；严重财务问题；理财能力良好,0,0,1,1,1,2,0,0,0,0,0,1,1,1,0
NaN,Q032,12,12-14岁,普通学生（表现稳定),总体表现稳定，常规随访即可,事实无人抚养,暴力型教养；溺爱型教养,敌意价值观；无极端倾向,结交不良同伴,社区资源丰富且治安好；社区一般；高风险社区,经常逃学；偶尔缺课,按课表开展,接触诈骗信息,接触不良社交圈；被网络欺凌/受害,被诈骗；理财能力良好；存在欠债,1,0,2,2,2,2,1,2,1,0,0,0,0,1,1
NaN,Q033,14,12-14岁,普通学生（表现稳定),总体表现稳定，常规随访即可,长期疾病,忽视型教养；暴力型教养,敌意价值观,受同伴影响；偶有接触；结交不良同伴,社区犯罪频发,长期旷课,深度参与/法治活动活跃；按课表开展；无法治教育,接触诈骗信息,参与/发起网络欺凌；线上交往健康,严重财务问题,1,0,1,2,0,2,2,2,0,2,2,2,0,2,0
NaN,Q034,14,12-14岁,普通学生（表现稳定),总体表现稳定，常规随访即可,父母失联；事实无人抚养；父母常年不在,传统型教养；忽视型教养,受同伴影响；敌意价值观；无极端倾向,偶有接触；结交不良同伴；加入不良群体,社区犯罪频发；高风险社区,偶尔逃学/逃学,深度参与/法治活动活跃；偶尔宣传,接触暴力/血腥内容；接触诈骗信息,接触不良社交圈,存在欠债,2,1,1,1,0,0,0,2,0,0,0,0,0,0,1
NaN,Q035,14,12-14岁,普通学生（表现稳定),总体表现稳定，常规随访即可,监护人积极参与(保护)；流动监护,暴力型教养；权威型教养；溺爱型教养,价值观模糊；受同伴影响；无极端倾向,结交不良同伴；偶有接触；无不良同伴,社区一般；社区资源丰富且治安好；社区资源贫乏,探索个性化学习,按课表开展；深度参与/法治活动活跃；无法治教育,主要接触正面/学习资源；接触色情内容；接触诈骗信息,线上交往健康；被网络欺凌/受害；接触不良社交圈,理财能力良好；严重财务问题；存在欠债,0,0,1,1,0,1,0,2,0,1,2,1,1,2,0
NaN,Q036,12,12-14岁,普通学生（表现稳定),总体表现稳定，常规随访即可,留守；单亲,传统型教养；溺爱型教养,价值观模糊；受同伴影响；无极端倾向,偶有接触,社区资源贫乏；社区犯罪频发,长期旷课；辍学,偶尔宣传；深度参与/法治活动活跃；按课表开展,接触暴力/血腥内容,参与/发起网络欺凌；线上交往健康；被网络欺凌/受害,理财能力良好；被诈骗,2,0,2,2,2,2,0,2,1,1,2,1,2,2,0
NaN,Q037,12,12-14岁,普通学生（表现稳定),总体表现稳定，常规随访即可,单亲；留守；流动监护,忽视型教养；传统型教养；权威型教养,无极端倾向,无不良同伴；结交不良同伴,社区资源贫乏；社区资源丰富且治安好,探索个性化学习；长期旷课；辍学,偶尔宣传；无法治教育,主要接触正面/学习资源,被网络欺凌/受害；线上交往健康；接触不良社交圈,被诈骗；严重财务问题,0,0,2,1,2,0,2,1,1,2,2,0,0,2,2
NaN,Q038,13,12-14岁,普通学生（表现稳定),总体表现稳定，常规随访即可,事实无人抚养；父母失业；留守,忽视型教养,受同伴影响,加入不良群体；无不良同伴；偶有接触,社区资源丰富且治安好,探索个性化学习；偶尔缺课；经常逃学,偶尔宣传,接触暴力/血腥内容；接触黑灰产信息；主要接触正面/学习资源,参与/发起网络欺凌；被网络欺凌/受害；接触不良社交圈,存在欠债；严重财务问题,2,1,1,1,0,2,2,2,2,2,2,0,0,1,1
NaN,Q039,12,12-14岁,普通学生（表现稳定),总体表现稳定，常规随访即可,留守；父母失业,权威型教养；溺爱型教养；暴力型教养,价值观模糊；受同伴影响；无极端倾向,偶有接触；受同伴影响,社区资源丰富且治安好；社区资源贫乏,经常逃学；辍学,按课表开展,接触诈骗信息；接触黑灰产信息,线上交往健康；参与/发起网络欺凌；接触不良社交圈,偶尔冲动消费；存在欠债,2,0,0,2,2,1,2,0,0,0,2,1,2,0,0
NaN,Q040,14,12-14岁,普通学生（表现稳定),总体表现稳定，常规随访即可,长期疾病,权威型教养；忽视型教养；暴力型教养,敌意价值观,偶有接触；结交不良同伴,社区一般；社区犯罪频发；高风险社区,经常逃学；辍学,无法治教育,主要接触正面/学习资源,接触不良社交圈,偶尔冲动消费；理财能力良好；严重财务问题,2,2,1,2,0,0,1,2,1,0,2,2,0,2,1
NaN,Q041,14,12-14岁,普通学生（表现稳定),总体表现稳定，常规随访即可,父母常年不在,传统型教养；溺爱型教养；暴力型教养,敌意价值观；受同伴影响,加入不良群体,社区一般；高风险社区；社区资源丰富且治安好,偶尔逃学/逃学；探索个性化学习；偶尔缺课,无法治教育,接触黑灰产信息；接触暴力/血腥内容；接触诈骗信息,接触不良社交圈,偶尔冲动消费；存在欠债；严重财务问题,0,0,1,0,0,1,0,2,0,0,1,0,2,1,1
NaN,Q042,12,12-14岁,普通学生（略需关注),存在一定风险因素，建议学校与家长加强日常关注,留守；长期疾病,传统型教养；忽视型教养；权威型教养,无极端倾向；偶有极端/模糊倾向；敌意价值观,受同伴影响；偶有接触；加入不良群体,社区犯罪频发,辍学；偶尔缺课,按课表开展,接触诈骗信息；主要接触正面/学习资源,线上交往健康；接触不良社交圈,严重财务问题；理财能力良好,2,3,1,2,2,1,1,2,3,2,1,2,3,3,3
NaN,Q043,12,12-14岁,普通学生（表现稳定),总体表现稳定，常规随访即可,监护薄弱；父母常年不在；流动监护,权威型教养；溺爱型教养,敌意价值观,受同伴影响；结交不良同伴；偶有接触,社区资源贫乏；社区犯罪频发；高风险社区,偶尔逃学/逃学；长期旷课,深度参与/法治活动活跃；偶尔宣传；按课表开展,主要接触正面/学习资源；接触黑灰产信息；接触色情内容,被网络欺凌/受害；线上交往健康,严重财务问题,2,1,2,2,2,2,0,1,2,0,2,2,0,2,1
NaN,Q044,13,12-14岁,普通学生（略需关注),存在一定风险因素，建议学校与家长加强日常关注,父母常年不在；事实无人抚养；单亲,忽视型教养；暴力型教养；权威型教养,无极端倾向；敌意价值观,加入不良群体,社区一般,偶尔缺课；长期旷课,无法治教育,主要接触正面/学习资源；接触色情内容,参与/发起网络欺凌；被网络欺凌/受害；线上交往健康,理财能力良好；被诈骗；存在欠债,2,2,1,3,3,1,3,1,1,2,1,1,2,3,2
NaN,Q045,12,12-14岁,普通学生（表现稳定),总体表现稳定，常规随访即可,事实无人抚养,权威型教养；溺爱型教养；忽视型教养,无极端倾向；敌意价值观,受同伴影响；无不良同伴；加入不良群体,高风险社区；社区一般,偶尔缺课,按课表开展,主要接触正面/学习资源；接触色情内容,被网络欺凌/受害；接触不良社交圈；参与/发起网络欺凌,理财能力良好,0,0,0,0,1,0,1,2,1,2,0,0,1,0,2
NaN,Q046,13,12-14岁,普通学生（表现稳定),总体表现稳定，常规随访即可,父母失联,传统型教养；忽视型教养,无极端倾向；敌意价值观；价值观模糊,受同伴影响；结交不良同伴；无不良同伴,社区一般；社区资源贫乏；社区治安较差,偶尔逃学/逃学,深度参与/法治活动活跃,接触诈骗信息；接触暴力/血腥内容,线上交往健康；参与/发起网络欺凌；被网络欺凌/受害,存在欠债,0,0,2,0,0,0,2,2,1,1,2,1,1,1,2
NaN,Q047,14,12-14岁,普通学生（表现稳定),总体表现稳定，常规随访即可,父母失联；留守；监护人积极参与(保护),溺爱型教养；暴力型教养；权威型教养,受同伴影响；价值观模糊；偶有极端/模糊倾向,受同伴影响；结交不良同伴,高风险社区；社区资源贫乏,长期旷课,无法治教育；深度参与/法治活动活跃；偶尔宣传,接触色情内容；主要接触正面/学习资源；接触诈骗信息,接触不良社交圈；被网络欺凌/受害；线上交往健康,严重财务问题；偶尔冲动消费,0,1,0,0,0,1,2,2,1,0,0,2,0,1,1
NaN,Q048,14,12-14岁,普通学生（表现稳定),总体表现稳定，常规随访即可,监护薄弱；父母常年不在；流动监护,传统型教养；权威型教养,敌意价值观；价值观模糊,结交不良同伴；无不良同伴,社区资源贫乏；社区资源丰富且治安好,辍学,深度参与/法治活动活跃,接触暴力/血腥内容,被网络欺凌/受害,严重财务问题,0,1,1,1,0,2,1,1,1,1,2,2,1,2,0
NaN,Q049,13,12-14岁,普通学生（表现稳定),总体表现稳定，常规随访即可,留守；长期疾病,暴力型教养,价值观模糊,偶有接触；无不良同伴,社区治安较差；高风险社区,长期旷课；偶尔缺课,偶尔宣传,接触色情内容,被网络欺凌/受害,严重财务问题；偶尔冲动消费；存在欠债,2,2,1,1,0,0,0,0,1,1,2,2,2,1,0
NaN,Q050,14,12-14岁,普通学生（表现稳定),总体表现稳定，常规随访即可,长期疾病,暴力型教养,敌意价值观,偶有接触,社区犯罪频发,辍学,深度参与/法治活动活跃；无法治教育,接触黑灰产信息；主要接触正面/学习资源；接触暴力/血腥内容,接触不良社交圈；被网络欺凌/受害；线上交往健康,偶尔冲动消费；理财能力良好；被诈骗,2,0,0,2,2,0,2,0,1,1,1,0,2,0,2
NaN,Q051,14,12-14岁,普通学生（表现稳定),总体表现稳定，常规随访即可,父母失联；父母常年不在；长期疾病,忽视型教养,价值观模糊；偶有极端/模糊倾向,无不良同伴；加入不良群体,社区资源丰富且治安好；社区犯罪频发,长期旷课；探索个性化学习,深度参与/法治活动活跃；无法治教育,接触诈骗信息,被网络欺凌/受害,严重财务问题；存在欠债,2,0,2,2,0,1,2,0,0,0,1,0,1,0,1
NaN,Q052,13,12-14岁,普通学生（表现稳定),总体表现稳定，常规随访即可,事实无人抚养；长期疾病；留守,溺爱型教养；暴力型教养；权威型教养,价值观模糊；无极端倾向；受同伴影响,无不良同伴,社区资源丰富且治安好；社区治安较差；社区一般,探索个性化学习；经常逃学；长期旷课,无法治教育；按课表开展,接触诈骗信息；接触暴力/血腥内容；接触色情内容,线上交往健康；被网络欺凌/受害,存在欠债,0,1,1,0,2,0,2,2,1,2,0,0,1,1,0
NaN,Q053,14,12-14岁,普通学生（略需关注),存在一定风险因素，建议学校与家长加强日常关注,父母常年不在；长期疾病；监护人积极参与(保护),暴力型教养；溺爱型教养,偶有极端/模糊倾向,受同伴影响；结交不良同伴,社区犯罪频发；高风险社区；社区治安较差,长期旷课；偶尔缺课,深度参与/法治活动活跃,接触暴力/血腥内容；接触黑灰产信息,接触不良社交圈；被网络欺凌/受害；参与/发起网络欺凌,理财能力良好；偶尔冲动消费；被诈骗,1,1,1,3,2,3,2,1,3,1,3,3,1,2,3
NaN,Q054,12,12-14岁,普通学生（表现稳定),总体表现稳定，常规随访即可,监护薄弱,溺爱型教养,价值观模糊；偶有极端/模糊倾向；敌意价值观,加入不良群体；无不良同伴；结交不良同伴,社区犯罪频发；高风险社区,经常逃学,无法治教育；偶尔宣传,接触诈骗信息；接触色情内容；接触暴力/血腥内容,被网络欺凌/受害,严重财务问题；存在欠债,0,0,2,1,2,2,2,0,1,1,1,2,2,2,1
NaN,Q055,12,12-14岁,普通学生（表现稳定),总体表现稳定，常规随访即可,监护人积极参与(保护)；父母常年不在,忽视型教养,偶有极端/模糊倾向；受同伴影响；敌意价值观,偶有接触,社区资源丰富且治安好；社区犯罪频发；社区一般,探索个性化学习；长期旷课,无法治教育；偶尔宣传；按课表开展,接触暴力/血腥内容；接触色情内容,被网络欺凌/受害；线上交往健康,严重财务问题；理财能力良好；偶尔冲动消费,2,1,2,0,2,2,2,2,1,2,1,1,0,0,1
NaN,Q056,14,12-14岁,普通学生（表现稳定),总体表现稳定，常规随访即可,监护薄弱；长期疾病,权威型教养；暴力型教养,无极端倾向；敌意价值观,受同伴影响,社区资源丰富且治安好；社区治安较差；社区一般,经常逃学,按课表开展,接触色情内容；接触暴力/血腥内容；接触诈骗信息,参与/发起网络欺凌；接触不良社交圈,被诈骗；理财能力良好；严重财务问题,1,1,0,1,0,2,1,0,1,1,2,0,0,2,2
NaN,Q057,13,12-14岁,普通学生（表现稳定),总体表现稳定，常规随访即可,父母失业,忽视型教养,无极端倾向；敌意价值观,受同伴影响,社区资源贫乏；社区资源丰富且治安好；社区犯罪频发,经常逃学；辍学,偶尔宣传,接触诈骗信息；接触色情内容,被网络欺凌/受害,存在欠债；理财能力良好；偶尔冲动消费,0,2,2,2,0,2,0,1,2,2,0,0,0,1,1
NaN,Q058,12,12-14岁,普通学生（表现稳定),总体表现稳定，常规随访即可,事实无人抚养；监护薄弱；父母常年不在,暴力型教养；忽视型教养；溺爱型教养,受同伴影响,加入不良群体；偶有接触,社区资源丰富且治安好；高风险社区,偶尔逃学/逃学；探索个性化学习,按课表开展；偶尔宣传；无法治教育,接触色情内容；接触黑灰产信息,被网络欺凌/受害；线上交往健康；参与/发起网络欺凌,存在欠债,1,1,1,2,2,2,0,2,1,0,0,0,1,1,0
NaN,Q059,13,12-14岁,普通学生（表现稳定),总体表现稳定，常规随访即可,父母常年不在；监护人积极参与(保护)；监护薄弱,忽视型教养；权威型教养,价值观模糊,偶有接触；结交不良同伴,社区一般；社区资源贫乏,经常逃学,偶尔宣传,接触诈骗信息；接触色情内容,接触不良社交圈；参与/发起网络欺凌；线上交往健康,存在欠债；偶尔冲动消费；严重财务问题,1,0,1,0,2,0,1,1,1,0,1,2,2,1,1
NaN,Q060,12,12-14岁,普通学生（略需关注),存在一定风险因素，建议学校与家长加强日常关注,长期疾病,暴力型教养；权威型教养；传统型教养,敌意价值观；受同伴影响,无不良同伴,社区犯罪频发,探索个性化学习；经常逃学,无法治教育；按课表开展；深度参与/法治活动活跃,接触黑灰产信息,接触不良社交圈；参与/发起网络欺凌,被诈骗；存在欠债,1,3,2,2,3,3,1,2,2,2,1,2,3,2,1
NaN,Q061,13,12-14岁,普通学生（略需关注),存在一定风险因素，建议学校与家长加强日常关注,监护人积极参与(保护),传统型教养；溺爱型教养,无极端倾向；敌意价值观；受同伴影响,加入不良群体；结交不良同伴；偶有接触,社区一般,偶尔缺课,无法治教育；按课表开展,接触诈骗信息,线上交往健康；接触不良社交圈；参与/发起网络欺凌,偶尔冲动消费；存在欠债,3,2,2,3,1,1,3,1,3,3,3,3,1,3,3
NaN,Q062,14,12-14岁,普通学生（表现稳定),总体表现稳定，常规随访即可,单亲；监护人积极参与(保护),溺爱型教养；权威型教养,敌意价值观；价值观模糊,受同伴影响,社区资源丰富且治安好；社区犯罪频发,偶尔逃学/逃学,深度参与/法治活动活跃；偶尔宣传；按课表开展,接触暴力/血腥内容；接触黑灰产信息；主要接触正面/学习资源,参与/发起网络欺凌；接触不良社交圈,偶尔冲动消费,2,2,1,1,1,0,1,1,2,2,0,2,1,0,2
NaN,Q063,14,12-14岁,重点关注对象,风险与保护因素并存，建议制定个性化干预方案,事实无人抚养；流动监护；单亲,暴力型教养,偶有极端/模糊倾向；敌意价值观,结交不良同伴；受同伴影响；加入不良群体,社区治安较差；社区一般,长期旷课；偶尔逃学/逃学；探索个性化学习,无法治教育,接触黑灰产信息；接触诈骗信息,线上交往健康,理财能力良好；被诈骗；偶尔冲动消费,4,3,2,4,4,2,4,4,2,4,3,3,2,3,4
NaN,Q064,13,12-14岁,普通学生（略需关注),存在一定风险因素，建议学校与家长加强日常关注,父母常年不在；长期疾病；监护人积极参与(保护),暴力型教养,无极端倾向；受同伴影响,偶有接触；无不良同伴；加入不良群体,社区资源丰富且治安好,偶尔逃学/逃学,深度参与/法治活动活跃；无法治教育,接触暴力/血腥内容；接触黑灰产信息；主要接触正面/学习资源,被网络欺凌/受害；接触不良社交圈；参与/发起网络欺凌,理财能力良好,2,2,1,1,1,1,1,1,3,3,3,2,2,2,2
NaN,Q065,13,12-14岁,普通学生（表现稳定),总体表现稳定，常规随访即可,监护薄弱；父母失联,传统型教养,价值观模糊；偶有极端/模糊倾向；受同伴影响,结交不良同伴；加入不良群体；偶有接触,社区犯罪频发,长期旷课,偶尔宣传；无法治教育,接触色情内容；接触诈骗信息,参与/发起网络欺凌；被网络欺凌/受害,偶尔冲动消费；理财能力良好,2,1,1,1,2,0,2,0,2,1,2,1,0,0,0
NaN,Q066,13,12-14岁,普通学生（略需关注),存在一定风险因素，建议学校与家长加强日常关注,父母常年不在；长期疾病；流动监护,暴力型教养；忽视型教养；权威型教养,无极端倾向,无不良同伴,社区一般,偶尔缺课,深度参与/法治活动活跃；偶尔宣传；无法治教育,接触色情内容；接触暴力/血腥内容；接触诈骗信息,参与/发起网络欺凌；被网络欺凌/受害,偶尔冲动消费；被诈骗；理财能力良好,2,3,3,1,3,2,3,2,3,3,2,2,3,3,2
NaN,Q067,12,12-14岁,普通学生（表现稳定),总体表现稳定，常规随访即可,父母失联；流动监护,忽视型教养；溺爱型教养,无极端倾向；受同伴影响；价值观模糊,无不良同伴；加入不良群体；结交不良同伴,社区治安较差；社区犯罪频发,探索个性化学习,按课表开展；无法治教育,接触暴力/血腥内容,被网络欺凌/受害；参与/发起网络欺凌,被诈骗；理财能力良好,2,1,1,1,0,2,2,0,2,1,0,0,0,1,2
NaN,Q068,14,12-14岁,监护良好但有违法行为,行为偏差明显，需配合司法程序并同步提供保护性矫治,监护人积极参与(保护)；监护薄弱；留守,权威型教养；忽视型教养；传统型教养,价值观模糊；无极端倾向；偶有极端/模糊倾向,加入不良群体,社区资源贫乏,偶尔逃学/逃学；辍学；长期旷课,按课表开展,主要接触正面/学习资源,参与/发起网络欺凌；被网络欺凌/受害；线上交往健康,偶尔冲动消费,2,3,2,3,3,2,2,4,2,3,3,4,3,2,3
NaN,Q069,13,12-14岁,普通学生（略需关注),存在一定风险因素，建议学校与家长加强日常关注,流动监护,暴力型教养,无极端倾向,无不良同伴,社区犯罪频发；社区治安较差；社区资源贫乏,偶尔逃学/逃学；长期旷课,无法治教育,接触暴力/血腥内容；主要接触正面/学习资源,被网络欺凌/受害；线上交往健康；参与/发起网络欺凌,存在欠债,1,2,3,3,1,2,1,2,1,1,2,1,1,3,2
NaN,Q070,12,12-14岁,普通学生（表现稳定),总体表现稳定，常规随访即可,父母常年不在,暴力型教养；传统型教养,价值观模糊,偶有接触；受同伴影响,社区资源丰富且治安好,经常逃学；偶尔缺课,深度参与/法治活动活跃,接触诈骗信息；主要接触正面/学习资源；接触暴力/血腥内容,被网络欺凌/受害；参与/发起网络欺凌,存在欠债,0,2,1,0,0,2,2,2,2,2,2,0,2,1,2
NaN,Q071,16,14-16岁,普通学生（略需关注),存在一定风险因素，建议学校与家长加强日常关注,监护人积极参与(保护)；父母常年不在；监护薄弱,权威型教养,敌意价值观；无极端倾向,受同伴影响,社区治安较差；社区资源丰富且治安好,长期旷课；偶尔缺课；经常逃学,偶尔宣传；无法治教育,接触色情内容；接触暴力/血腥内容,被网络欺凌/受害；接触不良社交圈；参与/发起网络欺凌,存在欠债,2,1,1,2,3,3,1,1,1,1,1,1,1,2,1
NaN,Q072,14,14-16岁,普通学生（略需关注),存在一定风险因素，建议学校与家长加强日常关注,流动监护；监护薄弱,权威型教养,偶有极端/模糊倾向；无极端倾向；价值观模糊,无不良同伴；结交不良同伴；受同伴影响,社区治安较差；高风险社区,偶尔缺课；长期旷课；辍学,偶尔宣传；深度参与/法治活动活跃；按课表开展,主要接触正面/学习资源；接触诈骗信息；接触暴力/血腥内容,被网络欺凌/受害,存在欠债,1,1,3,1,3,1,3,2,2,1,3,2,1,1,1
NaN,Q073,15,14-16岁,普通学生（表现稳定),总体表现稳定，常规随访即可,监护薄弱；父母失联；事实无人抚养,暴力型教养；传统型教养；权威型教养,偶有极端/模糊倾向；价值观模糊；敌意价值观,加入不良群体,社区犯罪频发,探索个性化学习,深度参与/法治活动活跃；偶尔宣传；无法治教育,接触诈骗信息,线上交往健康；参与/发起网络欺凌,存在欠债,1,2,1,0,1,1,1,2,0,0,1,0,0,0,0
NaN,Q074,15,14-16岁,普通学生（表现稳定),总体表现稳定，常规随访即可,留守,溺爱型教养,价值观模糊；无极端倾向；偶有极端/模糊倾向,受同伴影响,社区犯罪频发；高风险社区；社区治安较差,偶尔逃学/逃学,按课表开展；无法治教育,主要接触正面/学习资源；接触色情内容,参与/发起网络欺凌；线上交往健康,理财能力良好；偶尔冲动消费；存在欠债,1,0,0,2,0,1,0,0,0,0,2,0,2,2,1
NaN,Q075,16,14-16岁,普通学生（表现稳定),总体表现稳定，常规随访即可,留守,溺爱型教养；权威型教养；传统型教养,无极端倾向；受同伴影响；偶有极端/模糊倾向,偶有接触；加入不良群体；无不良同伴,社区资源丰富且治安好,辍学,无法治教育；深度参与/法治活动活跃,主要接触正面/学习资源,被网络欺凌/受害；接触不良社交圈,理财能力良好；偶尔冲动消费；被诈骗,0,0,2,0,1,1,1,0,0,2,1,2,2,2,1
NaN,Q076,14,14-16岁,普通学生（略需关注),存在一定风险因素，建议学校与家长加强日常关注,长期疾病；父母失联；父母失业,传统型教养；溺爱型教养,价值观模糊；敌意价值观；偶有极端/模糊倾向,受同伴影响；无不良同伴,高风险社区；社区犯罪频发,偶尔缺课；经常逃学；偶尔逃学/逃学,深度参与/法治活动活跃；按课表开展,接触诈骗信息；接触色情内容,参与/发起网络欺凌；被网络欺凌/受害,严重财务问题；存在欠债；偶尔冲动消费,2,3,3,3,3,3,1,1,3,3,1,1,1,2,3
NaN,Q077,16,14-16岁,普通学生（表现稳定),总体表现稳定，常规随访即可,父母失业；事实无人抚养,暴力型教养；权威型教养,敌意价值观；受同伴影响,结交不良同伴；偶有接触；无不良同伴,社区资源贫乏；高风险社区；社区一般,偶尔逃学/逃学,按课表开展；无法治教育；偶尔宣传,主要接触正面/学习资源；接触暴力/血腥内容,参与/发起网络欺凌；接触不良社交圈,理财能力良好,2,2,0,0,0,1,1,1,2,1,0,0,1,1,0
NaN,Q078,15,14-16岁,普通学生（表现稳定),总体表现稳定，常规随访即可,长期疾病；监护人积极参与(保护)；流动监护,权威型教养,敌意价值观；无极端倾向；偶有极端/模糊倾向,受同伴影响；无不良同伴；偶有接触,社区资源丰富且治安好,探索个性化学习,偶尔宣传；无法治教育；按课表开展,接触诈骗信息,接触不良社交圈；被网络欺凌/受害；参与/发起网络欺凌,严重财务问题,0,0,0,0,1,1,2,2,0,1,2,0,1,0,2
NaN,Q079,15,14-16岁,普通学生（表现稳定),总体表现稳定，常规随访即可,父母失业；父母失联；长期疾病,暴力型教养,价值观模糊；无极端倾向；受同伴影响,偶有接触；受同伴影响；结交不良同伴,高风险社区,辍学,偶尔宣传,接触色情内容；主要接触正面/学习资源,接触不良社交圈,理财能力良好；存在欠债,0,0,2,1,0,0,1,1,0,1,1,2,0,0,0
NaN,Q080,16,14-16岁,普通学生（略需关注),存在一定风险因素，建议学校与家长加强日常关注,流动监护；父母常年不在；监护薄弱,溺爱型教养；暴力型教养,偶有极端/模糊倾向；无极端倾向；价值观模糊,结交不良同伴；受同伴影响；偶有接触,社区资源贫乏；社区一般,探索个性化学习,无法治教育；按课表开展；偶尔宣传,接触黑灰产信息；主要接触正面/学习资源,线上交往健康,严重财务问题,1,1,2,1,1,2,2,3,1,3,2,2,2,2,3
NaN,Q081,14,14-16岁,普通学生（表现稳定),总体表现稳定，常规随访即可,父母失业；长期疾病；监护人积极参与(保护),忽视型教养；传统型教养,价值观模糊；偶有极端/模糊倾向,无不良同伴；偶有接触,高风险社区；社区资源贫乏,辍学；探索个性化学习；偶尔缺课,深度参与/法治活动活跃；偶尔宣传,接触色情内容；主要接触正面/学习资源；接触黑灰产信息,被网络欺凌/受害；线上交往健康；参与/发起网络欺凌,存在欠债；偶尔冲动消费,0,2,0,0,1,2,2,1,0,0,2,0,2,0,1
NaN,Q082,16,14-16岁,普通学生（表现稳定),总体表现稳定，常规随访即可,父母失业；监护人积极参与(保护),忽视型教养；暴力型教养,受同伴影响；敌意价值观；无极端倾向,加入不良群体；结交不良同伴,社区治安较差；社区资源贫乏,经常逃学；探索个性化学习；偶尔缺课,按课表开展；深度参与/法治活动活跃；无法治教育,接触色情内容；接触黑灰产信息,接触不良社交圈；参与/发起网络欺凌；被网络欺凌/受害,理财能力良好；偶尔冲动消费,0,1,0,1,1,1,2,2,2,0,1,1,2,2,0
NaN,Q083,15,14-16岁,普通学生（表现稳定),总体表现稳定，常规随访即可,留守；事实无人抚养,暴力型教养；传统型教养,无极端倾向；价值观模糊,无不良同伴；受同伴影响,社区一般；社区资源贫乏,偶尔缺课；经常逃学；探索个性化学习,无法治教育,接触黑灰产信息；主要接触正面/学习资源,被网络欺凌/受害；接触不良社交圈,被诈骗；严重财务问题,2,2,1,1,1,2,1,0,2,0,0,0,0,0,2
NaN,Q084,15,14-16岁,普通学生（表现稳定),总体表现稳定，常规随访即可,事实无人抚养；父母失业；留守,忽视型教养；权威型教养；溺爱型教养,无极端倾向,偶有接触；无不良同伴,社区资源贫乏；高风险社区,偶尔逃学/逃学,深度参与/法治活动活跃,主要接触正面/学习资源；接触诈骗信息,参与/发起网络欺凌,被诈骗；理财能力良好；严重财务问题,0,0,0,2,2,0,1,2,2,2,1,1,2,0,0
NaN,Q085,15,14-16岁,重点关注对象,风险与保护因素并存，建议制定个性化干预方案,长期疾病,暴力型教养；溺爱型教养；忽视型教养,价值观模糊,结交不良同伴；受同伴影响；无不良同伴,高风险社区；社区资源贫乏,长期旷课,偶尔宣传,接触黑灰产信息；主要接触正面/学习资源,线上交往健康；参与/发起网络欺凌,偶尔冲动消费,3,3,2,2,4,2,2,2,2,3,3,3,2,2,3
NaN,Q086,14,14-16岁,普通学生（表现稳定),总体表现稳定，常规随访即可,事实无人抚养；父母常年不在,传统型教养；权威型教养,敌意价值观,加入不良群体；受同伴影响；结交不良同伴,社区犯罪频发；高风险社区；社区资源贫乏,长期旷课；探索个性化学习,偶尔宣传；深度参与/法治活动活跃,接触诈骗信息,参与/发起网络欺凌；线上交往健康,存在欠债；偶尔冲动消费；被诈骗,1,1,1,0,0,0,0,1,0,0,2,1,0,2,2
NaN,Q087,15,14-16岁,普通学生（表现稳定),总体表现稳定，常规随访即可,长期疾病；流动监护；事实无人抚养,溺爱型教养；传统型教养；忽视型教养,价值观模糊；偶有极端/模糊倾向,偶有接触；受同伴影响；无不良同伴,社区一般；高风险社区；社区治安较差,偶尔逃学/逃学,深度参与/法治活动活跃,接触色情内容,线上交往健康；接触不良社交圈；被网络欺凌/受害,严重财务问题；存在欠债；偶尔冲动消费,1,1,0,0,2,0,1,2,1,0,2,0,1,1,1
NaN,Q088,16,14-16岁,普通学生（表现稳定),总体表现稳定，常规随访即可,父母失联；监护薄弱；长期疾病,忽视型教养,无极端倾向,受同伴影响；加入不良群体；无不良同伴,社区治安较差；社区资源丰富且治安好,经常逃学；偶尔逃学/逃学；辍学,偶尔宣传,接触色情内容；接触暴力/血腥内容；接触黑灰产信息,参与/发起网络欺凌；线上交往健康；被网络欺凌/受害,严重财务问题；偶尔冲动消费,0,1,1,0,0,1,0,2,1,0,1,0,1,2,2
NaN,Q089,16,14-16岁,监护良好但有违法行为,行为偏差明显，需配合司法程序并同步提供保护性矫治,父母失业；事实无人抚养,权威型教养,价值观模糊,加入不良群体,高风险社区,长期旷课；偶尔缺课；经常逃学,偶尔宣传；无法治教育,接触色情内容；接触诈骗信息,线上交往健康；参与/发起网络欺凌,理财能力良好,3,4,4,2,2,3,4,4,3,3,4,4,3,4,2
NaN,Q090,16,14-16岁,普通学生（表现稳定),总体表现稳定，常规随访即可,父母失联；监护人积极参与(保护)；事实无人抚养,权威型教养,偶有极端/模糊倾向；价值观模糊,受同伴影响；无不良同伴,高风险社区,长期旷课,深度参与/法治活动活跃,接触黑灰产信息；接触色情内容,被网络欺凌/受害；接触不良社交圈,存在欠债；理财能力良好,1,2,1,0,2,2,1,1,2,0,0,2,0,0,2
NaN,Q091,14,14-16岁,普通学生（表现稳定),总体表现稳定，常规随访即可,单亲；事实无人抚养,忽视型教养,价值观模糊；敌意价值观；无极端倾向,加入不良群体,社区资源贫乏,长期旷课,无法治教育；深度参与/法治活动活跃,接触色情内容；接触暴力/血腥内容；接触诈骗信息,接触不良社交圈；被网络欺凌/受害,被诈骗；存在欠债,2,2,1,2,1,2,2,0,2,0,2,0,2,2,1
NaN,Q092,15,14-16岁,普通学生（表现稳定),总体表现稳定，常规随访即可,留守,暴力型教养,受同伴影响,结交不良同伴；加入不良群体,社区犯罪频发,经常逃学；辍学,按课表开展,主要接触正面/学习资源,接触不良社交圈；线上交往健康,严重财务问题；理财能力良好,2,0,0,2,0,2,2,1,1,1,2,1,1,1,0
NaN,Q093,14,14-16岁,普通学生（表现稳定),总体表现稳定，常规随访即可,父母失业；单亲；事实无人抚养,暴力型教养,受同伴影响；偶有极端/模糊倾向,结交不良同伴,社区一般；社区犯罪频发；高风险社区,探索个性化学习；偶尔缺课,无法治教育,接触诈骗信息；接触色情内容,参与/发起网络欺凌,严重财务问题；偶尔冲动消费,0,0,1,0,1,2,2,0,1,1,2,1,2,0,2
NaN,Q094,14,14-16岁,高风险需干预,已出现高风险行为，建议启动多部门联合干预,父母失联；流动监护,溺爱型教养,敌意价值观；受同伴影响；偶有极端/模糊倾向,结交不良同伴；受同伴影响,社区治安较差；社区犯罪频发；高风险社区,辍学；经常逃学,无法治教育,接触色情内容；接触黑灰产信息,参与/发起网络欺凌,严重财务问题；理财能力良好,5,4,5,4,4,5,5,4,4,4,5,4,4,4,4
NaN,Q095,14,14-16岁,普通学生（表现稳定),总体表现稳定，常规随访即可,长期疾病；父母失联,传统型教养；溺爱型教养；权威型教养,受同伴影响；敌意价值观；价值观模糊,无不良同伴；偶有接触,社区资源贫乏；高风险社区,探索个性化学习；经常逃学；辍学,偶尔宣传；深度参与/法治活动活跃,主要接触正面/学习资源；接触暴力/血腥内容,参与/发起网络欺凌；被网络欺凌/受害；接触不良社交圈,理财能力良好；严重财务问题,1,2,0,1,0,1,2,0,1,0,2,1,0,2,1
NaN,Q096,15,14-16岁,普通学生（表现稳定),总体表现稳定，常规随访即可,父母常年不在；监护人积极参与(保护)；长期疾病,溺爱型教养,偶有极端/模糊倾向,受同伴影响；结交不良同伴；偶有接触,社区犯罪频发,偶尔缺课；辍学,偶尔宣传,接触暴力/血腥内容；主要接触正面/学习资源；接触黑灰产信息,接触不良社交圈,偶尔冲动消费；被诈骗；理财能力良好,2,1,2,1,0,1,0,0,0,0,1,1,1,1,0
NaN,Q097,15,14-16岁,普通学生（略需关注),存在一定风险因素，建议学校与家长加强日常关注,父母失联；留守,传统型教养；权威型教养,敌意价值观,无不良同伴；加入不良群体,社区治安较差；社区一般；社区资源贫乏,探索个性化学习；经常逃学,深度参与/法治活动活跃；偶尔宣传,主要接触正面/学习资源；接触黑灰产信息,被网络欺凌/受害；参与/发起网络欺凌,严重财务问题；存在欠债；偶尔冲动消费,1,1,2,2,3,2,1,2,2,1,2,2,1,1,2
NaN,Q098,15,14-16岁,普通学生（表现稳定),总体表现稳定，常规随访即可,监护薄弱；监护人积极参与(保护),传统型教养；权威型教养,价值观模糊；偶有极端/模糊倾向,加入不良群体；无不良同伴；结交不良同伴,高风险社区；社区资源贫乏,探索个性化学习,按课表开展,接触黑灰产信息；接触暴力/血腥内容；主要接触正面/学习资源,被网络欺凌/受害；线上交往健康；接触不良社交圈,严重财务问题；被诈骗；理财能力良好,1,0,0,2,2,1,0,0,1,2,1,1,1,0,1
NaN,Q099,15,14-16岁,普通学生（表现稳定),总体表现稳定，常规随访即可,长期疾病,忽视型教养；权威型教养,受同伴影响；敌意价值观,无不良同伴；受同伴影响；偶有接触,社区犯罪频发,偶尔缺课；探索个性化学习,按课表开展,接触黑灰产信息；接触暴力/血腥内容；主要接触正面/学习资源,线上交往健康；接触不良社交圈；参与/发起网络欺凌,被诈骗；理财能力良好；严重财务问题,0,0,1,1,0,1,0,2,2,2,0,1,2,1,1
NaN,Q100,16,14-16岁,普通学生（表现稳定),总体表现稳定，常规随访即可,流动监护；监护薄弱,溺爱型教养；忽视型教养；传统型教养,无极端倾向；偶有极端/模糊倾向；受同伴影响,受同伴影响；无不良同伴；偶有接触,社区治安较差,偶尔逃学/逃学,无法治教育；按课表开展,接触诈骗信息；接触黑灰产信息,参与/发起网络欺凌；线上交往健康；接触不良社交圈,偶尔冲动消费,0,2,1,0,2,2,0,2,1,1,2,2,0,1,2
